Small Granite Shoes,1,Bernhard LLC
Enormous Marble Clock,1,Beahan-Conroy
Practical Paper Coat,3,Parker LLC
Synergistic Bronze Table,1,Raynor-Hansen
Small Linen Keyboard,3,Hilll-Gorczany
Small Granite Shoes,2,Rowe and Legros
Intelligent Copper Knife,1,Beahan-Conroy
Enormous Marble Clock,1,Bernhard LLC
Intelligent Copper Knife,2,Beahan-Conroy
Intelligent Copper Knife,4,Parker LLC
Intelligent Granite Watch,4,Beahan-Conroy
Synergistic Bronze Table,4,Raynor-Hansen
Sleek Wooden Clock,4,Kunze-Bernhard
Synergistic Bronze Table,1,Kunze-Bernhard
Enormous Marble Clock,2,Bernhard LLC